AA,2a,2b,2c,2d,2e,2f,2g,3a,3b,3c,3d,3e,3f,3g,4a,4b,4c,4d,4e,4f,4g,
A,0.09,0.05,0.12,0.07,0.47,0.07,0.07,0.0,0.09,0.05,0.02,0.35,0.0,0.05,0.0,0.0,0.12,0.02,0.02,0.12,0.09,
C,0.02,0.02,0.02,0.02,0.14,0.0,0.02,0.0,0.05,0.05,0.0,0.14,0.0,0.0,0.02,0.0,0.0,0.0,0.07,0.0,0.02,
D,0.02,0.02,0.02,0.0,0.0,0.0,0.05,0.0,0.0,0.07,0.02,0.0,0.88,0.12,0.0,0.09,0.05,0.0,0.0,0.0,0.0,
E,0.07,0.14,0.12,0.02,0.02,0.09,0.12,0.0,0.0,0.12,0.0,0.0,0.05,0.23,0.0,0.09,0.09,0.05,0.0,0.14,0.05,
F,0.02,0.0,0.02,0.07,0.0,0.0,0.05,0.07,0.0,0.02,0.02,0.0,0.0,0.0,0.28,0.02,0.07,0.0,0.07,0.0,0.0,
G,0.0,0.09,0.02,0.0,0.12,0.07,0.0,0.0,0.02,0.0,0.02,0.47,0.02,0.02,0.0,0.05,0.02,0.02,0.02,0.05,0.02,
H,0.07,0.02,0.0,0.0,0.0,0.05,0.07,0.0,0.0,0.14,0.0,0.0,0.0,0.0,0.0,0.05,0.05,0.02,0.09,0.0,0.0,
I,0.14,0.05,0.0,0.14,0.0,0.02,0.05,0.02,0.0,0.0,0.26,0.0,0.0,0.02,0.07,0.02,0.07,0.07,0.05,0.02,0.0,
K,0.02,0.02,0.09,0.02,0.0,0.05,0.07,0.0,0.23,0.05,0.0,0.0,0.05,0.09,0.0,0.05,0.02,0.05,0.07,0.12,0.14,
L,0.12,0.02,0.05,0.3,0.0,0.09,0.12,0.86,0.0,0.0,0.28,0.0,0.0,0.02,0.23,0.07,0.02,0.12,0.09,0.09,0.09,
M,0.02,0.07,0.02,0.02,0.0,0.02,0.05,0.02,0.0,0.0,0.07,0.0,0.0,0.02,0.09,0.0,0.05,0.05,0.02,0.05,0.05,
N,0.05,0.02,0.07,0.0,0.0,0.0,0.05,0.0,0.0,0.05,0.0,0.0,0.0,0.05,0.0,0.14,0.05,0.0,0.05,0.07,0.02,
P,0.02,0.02,0.09,0.02,0.0,0.02,0.0,0.0,0.0,0.0,0.0,0.0,0.0,0.0,0.0,0.05,0.0,0.05,0.0,0.02,0.02,
Q,0.0,0.14,0.07,0.02,0.0,0.14,0.12,0.0,0.09,0.09,0.02,0.0,0.0,0.12,0.0,0.02,0.07,0.09,0.09,0.02,0.05,
R,0.09,0.14,0.07,0.02,0.0,0.28,0.12,0.0,0.42,0.21,0.0,0.0,0.0,0.12,0.02,0.05,0.14,0.14,0.05,0.14,0.21,
S,0.07,0.05,0.02,0.02,0.16,0.0,0.0,0.0,0.05,0.02,0.0,0.05,0.0,0.12,0.02,0.12,0.07,0.14,0.05,0.07,0.05,
T,0.07,0.02,0.07,0.02,0.0,0.05,0.0,0.0,0.0,0.05,0.02,0.0,0.0,0.02,0.0,0.09,0.02,0.09,0.05,0.02,0.09,
V,0.05,0.07,0.07,0.14,0.09,0.05,0.05,0.0,0.05,0.02,0.19,0.0,0.0,0.0,0.19,0.05,0.05,0.02,0.07,0.07,0.0,
W,0.02,0.0,0.02,0.02,0.0,0.0,0.0,0.0,0.0,0.05,0.0,0.0,0.0,0.0,0.02,0.0,0.0,0.02,0.02,0.0,0.02,
Y,0.02,0.02,0.02,0.05,0.0,0.0,0.02,0.02,0.0,0.02,0.07,0.0,0.0,0.0,0.05,0.05,0.05,0.05,0.12,0.0,0.07,
